{"stats":{"minecraft:picked_up":{"minecraft:stick":2,"minecraft:sand":1},"minecraft:mined":{"minecraft:dead_bush":1,"minecraft:sand":1},"minecraft:custom":{"minecraft:jump":61,"minecraft:time_since_rest":1,"minecraft:damage_dealt":44,"minecraft:damage_taken":780,"minecraft:leave_game":15,"minecraft:time_since_death":0,"minecraft:play_time":17105,"minecraft:sprint_one_cm":7540,"minecraft:walk_one_cm":9622,"minecraft:walk_on_water_one_cm":1480,"minecraft:deaths":3,"minecraft:total_world_time":17105,"minecraft:walk_under_water_one_cm":162,"minecraft:swim_one_cm":2985,"minecraft:fall_one_cm":418,"minecraft:fly_one_cm":12989}},"DataVersion":3465}