{"stats":{"minecraft:picked_up":{"minecraft:stick":2,"minecraft:sand":1},"minecraft:used":{"tombstone:gift":1,"alexsmobs:animal_dictionary":1,"minecraft:light_gray_bed":1},"minecraft:custom":{"minecraft:open_barrel":3,"minecraft:time_since_rest":8213,"minecraft:sprint_one_cm":17577,"minecraft:play_time":27866,"minecraft:deaths":3,"minecraft:damage_taken":800,"minecraft:walk_one_cm":11515,"minecraft:sneak_time":106,"minecraft:walk_under_water_one_cm":310,"minecraft:jump":114,"minecraft:damage_dealt":44,"minecraft:leave_game":18,"minecraft:walk_on_water_one_cm":2016,"minecraft:time_since_death":10526,"minecraft:sleep_in_bed":1,"minecraft:climb_one_cm":46,"minecraft:total_world_time":27866,"minecraft:swim_one_cm":4623,"minecraft:fall_one_cm":1449,"minecraft:fly_one_cm":393989},"minecraft:mined":{"minecraft:dead_bush":1,"minecraft:sand":1}},"DataVersion":3465}